episodes_total,1 households,2 households,3 households,4 households,5 households
5,26.51932553437323,21.472294792033864,18.40978293833007,13.70768467958477,11.506885168991928
10,29.009305419913154,25.468275324693035,21.69768499760735,17.605130516581028,14.549686839013573
15,31.48352919077604,29.35696048012248,25.559176986698105,21.093085572671846,17.558562379981407
20,33.91479589588758,31.98557214654242,28.333597414419256,23.765150914042653,19.105050224464808
