episodes_total,1 households,2 households
5,26.961220258619903,21.13929313158789
10,29.469908685879314,25.074725717577937
