episodes_total,1 households
5,26.88889713091714
10,29.388680557972894
15,31.825812661407618
20,34.20961544186834
